{"cameraMode":{"drawMode":0,"name":"Shaded","section":"Shading Mode"},"sceneLighting":true,"audioPlay":false,"sceneViewState":{"showFog":true,"showMaterialUpdate":true,"showSkybox":true,"showFlares":true,"showImageEffects":true,"showParticleSystems":true},"in2DMode":false,"pivot":{"x":-2.4046754837036135,"y":-21.700456619262697,"z":34.046817779541019},"rotation":{"x":-0.2702142596244812,"y":0.12464018911123276,"z":-0.03530130535364151,"w":-0.9540500044822693},"size":59.254947662353519,"orthographic":false}