{"cameraMode":{"drawMode":0,"name":"Shaded","section":"Shading Mode"},"sceneLighting":true,"audioPlay":false,"sceneViewState":{"showFog":true,"showMaterialUpdate":true,"showSkybox":true,"showFlares":true,"showImageEffects":true,"showParticleSystems":true},"in2DMode":false,"pivot":{"x":-9.864675521850586,"y":-14.666653633117676,"z":19.939430236816408},"rotation":{"x":-0.2702142596244812,"y":0.12464018911123276,"z":-0.03530130535364151,"w":-0.9540500044822693},"size":59.9490852355957,"orthographic":false}